Name,Address,Justdial Phone,Business Phone,Rating,Reviews
Vrindavan Landscape Consultant and Ecological Solutions,"Worli Worli Sea Face, Mumbai",,9867909355,7 Ratings,4.4
Akhils Nursery,"Marve Road Malad West, Mumbai",,2228885516,22 Ratings,3.6
Hruturaj Green & Nursuries,"Sector 25 Seawoods Road Nerul, Navi Mumbai",8971625201,,15 Ratings,4.6
Patil Nursery,"Veer Savarkar Marg Mulund East, Mumbai",9845205033,,84 Ratings,4.3
NL Garden,"Ganesh Nagar-Diva, Thane",7795665373,9919718176,5 Ratings,4.2
Green Garden Nursery,"Giriz-Nirmal Road Vasai West, Palghar",,9657703649,245 Ratings,4.3
Krushi Seva Kendra Shahapur,"NH 3 Shahapur, Thane",9845261369,9226745471,57 Ratings,4.3
AAI Ekveera Services,"C Chagala Vile Parle East, Mumbai",8460228122,9757072276,1 Rating,4.5
Raj Rose Nursery,"Airoli, Navi Mumbai",9972846596,,2 Ratings,5
Harendra Gardening Service,"Nerul Sector 20, Navi Mumbai",8460239743,9930696555,2 Ratings,5
Radha Krishna Plant Nursery,"By Laxmi Building Dadar East, Mumbai",9606410309,9320298950,1 Rating,5
Patil Landscaping and Garden Service,"School Tembhavali Bhiwandi City, Bhiwandi",9972295778,7507867979,14 Ratings,4.6
Leafe Nursery,"Madh Jetty Road Malad West, Mumbai",9980151267,7738448956,6 Ratings,5
Agro Care Products,"S V Road Khar West, Mumbai",9845159240,9820050816,122 Ratings,4.2
Ruplal Kumar Shah,"Awadha Nagar Boisar, Palghar",7041632435,,11 Ratings,4.5
Poonam Rose Nursery,"Marve Road Malad West, Mumbai",7411664696,9594113874,40 Ratings,4.1
Yogesh Nursery (Live With Nature),"Caves Road Jogeshwari East, Mumbai",9054397477,9819617291,2 Ratings,5
Green Garden Centre,"Magthane Borivali East, Mumbai",,9773566607,23 Ratings,4.3
Raju Plant and Potteries,"St Xaviers Road Kanjurmarg East, Mumbai",8460452241,8452085846,2 Ratings,3.5
Plantae World,"Adi Marzaban Path Fort, Mumbai",8460243696,9967786444,19 Ratings,5
